{
  "HomePage" : {
    "transaction" : "HomePage",
    "sampleCount" : 1200,
    "errorCount" : 3,
    "errorPct" : 0.25,
    "meanResTime" : 11731.614166666675,
    "medianResTime" : 2145.0,
    "minResTime" : 54.0,
    "maxResTime" : 42080.0,
    "pct1ResTime" : 36360.0,
    "pct2ResTime" : 36451.9,
    "pct3ResTime" : 36570.9,
    "throughput" : 2.4946261594814505,
    "receivedKBytesPerSec" : 3.7239746014574853,
    "sentKBytesPerSec" : 0.4592828450016007
  },
  "Total" : {
    "transaction" : "Total",
    "sampleCount" : 1200,
    "errorCount" : 3,
    "errorPct" : 0.25,
    "meanResTime" : 11731.614166666675,
    "medianResTime" : 2145.0,
    "minResTime" : 54.0,
    "maxResTime" : 42080.0,
    "pct1ResTime" : 36360.0,
    "pct2ResTime" : 36451.9,
    "pct3ResTime" : 36570.9,
    "throughput" : 2.4946261594814505,
    "receivedKBytesPerSec" : 3.7239746014574853,
    "sentKBytesPerSec" : 0.4592828450016007
  }
}